Date,Open,High,Low,Close,Adj Close,Volume,VIX Open,VIX High,VIX Low,VIX Close
2020-03-02,208.8800048828125,216.57000732421875,205.94000244140625,216.4199981689453,214.16305541992188,112933900,38.540000915527344,40.40999984741211,31.5,33.41999816894531
2020-03-03,217.11000061035156,219.61000061035156,207.6199951171875,209.47999572753906,207.2954559326172,131953500,33.650001525878906,41.060001373291016,24.93000030517578,36.81999969482422
2020-03-04,213.32000732421875,218.3300018310547,211.3699951171875,218.22000122070312,215.94430541992188,73086200,34.439998626708984,35.58000183105469,30.299999237060547,31.989999771118164
2020-03-05,212.69000244140625,216.36000061035156,210.10000610351562,211.58999633789062,209.3834228515625,78705500,33.61000061035156,42.84000015258789,33.540000915527344,39.619998931884766
2020-03-06,204.6699981689453,209.14999389648438,202.91000366210938,208.02000427246094,205.85067749023438,89828400,48.93000030517578,54.38999938964844,40.84000015258789,41.939998626708984
2020-03-09,193.47999572753906,201.16000366210938,192.11000061035156,193.57000732421875,191.55137634277344,116424000,41.939998626708984,62.119998931884766,41.939998626708984,54.459999084472656
2020-03-10,201.11000061035156,204.3000030517578,193.67999267578125,204.11000061035156,201.9814453125,100599200,49.68000030517578,55.65999984741211,43.560001373291016,47.29999923706055
2020-03-11,199.35000610351562,200.75,192.72999572753906,195.22000122070312,193.1841583251953,89168800,52.2400016784668,55.81999969482422,49.97999954223633,53.900001525878906
2020-03-12,182.08999633789062,190.77999877929688,176.94000244140625,177.32000732421875,175.47084045410156,137820700,61.459999084472656,76.83000183105469,59.90999984741211,75.47000122070312
2020-03-13,187.07000732421875,194.47999572753906,178.1300048828125,192.33999633789062,190.3341827392578,134882000,71.30999755859375,77.56999969482422,55.16999816894531,57.83000183105469
2020-03-16,174.14999389648438,184.67999267578125,169.16000366210938,169.3000030517578,167.53445434570312,92054400,57.83000183105469,83.55999755859375,57.83000183105469,82.69000244140625
2020-03-17,175.47000122070312,184.38999938964844,169.77999877929688,182.13999938964844,180.24057006835938,121257100,82.69000244140625,84.83000183105469,70.37000274658203,75.91000366210938
2020-03-18,171.61000061035156,179.22000122070312,166.8000030517578,176.60000610351562,174.7583465576172,114156300,69.37000274658203,85.47000122070312,69.37000274658203,76.44999694824219
2020-03-19,175.69000244140625,183.49000549316406,171.6300048828125,177.66000366210938,175.80726623535156,120896500,80.62000274658203,84.26000213623047,68.56999969482422,72.0
2020-03-20,181.74000549316406,182.8699951171875,170.10000610351562,170.6999969482422,168.9198455810547,118983900,67.86000061035156,69.51000213623047,57.41999816894531,66.04000091552734
2020-03-23,170.9199981689453,174.2100067138672,164.92999267578125,170.4600067138672,169.04185485839844,124639800,74.08000183105469,76.73999786376953,60.459999084472656,61.59000015258789
2020-03-24,179.91000366210938,183.8300018310547,177.9499969482422,183.66000366210938,182.13201904296875,94881800,58.7599983215332,61.880001068115234,36.2400016784668,61.66999816894531
2020-03-25,184.4199981689453,189.50999450683594,179.97999572753906,182.3000030517578,180.7833251953125,88754900,61.439998626708984,68.86000061035156,58.029998779296875,63.95000076293945
2020-03-26,183.8699951171875,192.72000122070312,183.61000061035156,191.89999389648438,190.30345153808594,79887600,65.66999816894531,67.05999755859375,57.65999984741211,61.0
2020-03-27,186.92999267578125,190.50999450683594,184.66000366210938,185.3000030517578,183.7583465576172,58845000,64.94999694824219,69.0999984741211,61.79999923706055,65.54000091552734
2020-03-30,187.05999755859375,192.49000549316406,186.33999633789062,192.0399932861328,190.4423065185547,49356900,66.30000305175781,67.69000244140625,56.599998474121094,57.08000183105469
2020-03-31,191.72000122070312,195.25,189.1999969482422,190.39999389648438,188.81593322753906,62659300,56.689998626708984,58.75,50.880001068115234,53.540000915527344
2020-04-01,184.77000427246094,187.66000366210938,180.86000061035156,182.30999755859375,180.79324340820312,53715400,57.380001068115234,60.59000015258789,52.7599983215332,57.060001373291016
2020-04-02,181.24000549316406,190.10000610351562,180.97000122070312,186.00999450683594,184.4624481201172,56465300,54.459999084472656,57.2400016784668,50.45000076293945,50.90999984741211
2020-04-03,185.5500030517578,187.07000732421875,181.2899932861328,183.3699951171875,181.84442138671875,47487600,51.11000061035156,52.290000915527344,46.7400016784668,46.79999923706055
2020-04-06,190.47999572753906,197.64999389648438,189.19000244140625,196.47999572753906,194.84536743164062,64763500,44.16999816894531,45.72999954223633,43.45000076293945,45.2400016784668
2020-04-07,202.3699951171875,202.66000366210938,196.0,196.39999389648438,194.76600646972656,69904500,44.83000183105469,47.5099983215332,43.5099983215332,46.70000076293945
2020-04-08,198.14999389648438,201.1699981689453,196.1699981689453,200.57000732421875,198.9013214111328,45940400,45.900001525878906,47.279998779296875,42.529998779296875,43.349998474121094
2020-04-09,202.35000610351562,203.22000122070312,199.02999877929688,200.86000061035156,199.1889190673828,68252600,43.0,45.72999954223633,41.38999938964844,41.66999816894531
2020-04-13,200.0,203.4199981689453,198.75,203.02999877929688,201.3408660888672,42853900,44.599998474121094,45.040000915527344,41.16999816894531,41.16999816894531
2020-04-14,207.22999572753906,212.5,206.4199981689453,211.86000061035156,210.09739685058594,63959600,40.2400016784668,40.56999969482422,37.310001373291016,37.7599983215332
2020-04-15,208.47999572753906,211.8300018310547,207.1199951171875,209.42999267578125,207.6876220703125,47036000,42.56999969482422,43.22999954223633,40.04999923706055,40.84000015258789
2020-04-16,211.69000244140625,214.3699951171875,209.69000244140625,213.25,211.475830078125,64657400,41.91999816894531,43.02000045776367,39.869998931884766,40.11000061035156
2020-04-17,216.1699981689453,216.50999450683594,212.0800018310547,215.2899932861328,213.49884033203125,62863200,39.5,40.2599983215332,37.630001068115234,38.150001525878906
2020-04-20,213.36000061035156,215.8800048828125,212.57000732421875,212.74000549316406,210.97007751464844,38249100,40.68000030517578,43.83000183105469,39.880001068115234,43.83000183105469
2020-04-21,210.60000610351562,211.16000366210938,203.6300048828125,204.88999938964844,203.1853790283203,72932800,44.279998779296875,47.77000045776367,43.77000045776367,45.40999984741211
2020-04-22,209.10000610351562,212.35000610351562,208.3300018310547,210.97000122070312,209.21481323242188,40089100,44.90999984741211,45.06999969482422,41.40999984741211,41.97999954223633
2020-04-23,211.7899932861328,214.44000244140625,210.10000610351562,210.52000427246094,208.7685546875,43278500,41.29999923706055,42.470001220703125,39.060001373291016,41.380001068115234
2020-04-24,210.97000122070312,214.3000030517578,209.5,213.83999633789062,212.0609130859375,34231900,38.79999923706055,40.16999816894531,35.599998474121094,35.93000030517578
2020-04-27,216.19000244140625,216.6300048828125,214.5,215.55999755859375,213.76661682128906,36451700,36.290000915527344,36.439998626708984,32.5099983215332,33.290000915527344
2020-04-28,217.32000732421875,217.32000732421875,211.2100067138672,211.5,209.7404022216797,46862800,33.209999084472656,35.38999938964844,30.540000915527344,33.56999969482422
2020-04-29,216.19000244140625,219.97000122070312,215.13999938964844,219.0,217.177978515625,48716400,32.47999954223633,33.189998626708984,30.709999084472656,31.229999542236328
2020-04-30,219.9499969482422,220.0399932861328,217.35000610351562,218.91000366210938,217.0887451171875,43359500,30.989999771118164,35.939998626708984,30.93000030517578,34.150001525878906
2020-05-01,214.5,216.6699981689453,211.67999267578125,212.74000549316406,210.97007751464844,48795000,38.16999816894531,39.56999969482422,36.59000015258789,37.189998626708984
2020-05-04,211.4600067138672,215.4499969482422,211.1199951171875,215.22000122070312,213.42945861816406,32841000,39.130001068115234,40.31999969482422,35.529998779296875,35.970001220703125
2020-05-05,217.44000244140625,220.13999938964844,216.85000610351562,217.66000366210938,215.8491668701172,37783100,34.81999969482422,36.220001220703125,31.950000762939453,33.61000061035156
2020-05-06,219.39999389648438,221.0399932861328,218.11000061035156,219.0,217.177978515625,36455200,32.689998626708984,35.689998626708984,31.68000030517578,34.119998931884766
2020-05-07,221.82000732421875,222.72999572753906,220.4199981689453,221.82000732421875,219.97454833984375,38624800,32.119998931884766,32.279998779296875,30.3700008392334,31.440000534057617
2020-05-08,223.5500030517578,225.0,222.47999572753906,224.86000061035156,222.98924255371094,31852300,30.139999389648438,30.389999389648438,27.889999389648438,27.979999542236328
2020-05-11,223.49000549316406,227.92999267578125,223.25,226.8699951171875,224.9824981689453,35714100,28.459999084472656,31.459999084472656,26.969999313354492,27.56999969482422
2020-05-12,227.49000549316406,228.10000610351562,222.08999633789062,222.1199951171875,220.27203369140625,41054100,28.469999313354492,33.040000915527344,26.0,33.040000915527344
2020-05-13,222.66000366210938,224.61000061035156,216.7100067138672,219.33999633789062,217.5151824951172,65521200,32.7400016784668,37.41999816894531,30.770000457763672,35.279998779296875
2020-05-14,217.97000122070312,221.8699951171875,215.99000549316406,221.8300018310547,219.98446655273438,51549300,35.15999984741211,39.279998779296875,32.33000183105469,32.61000061035156
2020-05-15,218.77999877929688,223.3300018310547,218.3300018310547,223.27000427246094,221.4124755859375,55747200,32.5,35.130001068115234,31.040000915527344,31.889999389648438
2020-05-18,226.27999877929688,228.67999267578125,225.47000122070312,227.42999267578125,225.537841796875,42398100,30.709999084472656,31.079999923706055,28.350000381469727,29.299999237060547
2020-05-19,227.6999969482422,229.85000610351562,226.7100067138672,226.86000061035156,224.97259521484375,36237300,28.729999542236328,30.739999771118164,28.3700008392334,30.530000686645508
2020-05-20,229.5,231.75999450683594,229.47999572753906,231.38999938964844,229.46490478515625,37417000,29.520000457763672,29.829999923706055,27.829999923706055,27.989999771118164
2020-05-21,231.44000244140625,232.13999938964844,228.33999633789062,228.8699951171875,226.9658966064453,43642900,28.969999313354492,30.200000762939453,27.670000076293945,29.530000686645508
2020-05-22,228.4499969482422,229.8699951171875,227.5,229.66000366210938,227.7493133544922,28762400,31.360000610351562,31.549999237060547,28.030000686645508,28.15999984741211
2020-05-26,233.36000061035156,233.57000732421875,228.7899932861328,229.0399932861328,227.13446044921875,33055300,27.719999313354492,28.579999923706055,27.18000030517578,28.010000228881836
2020-05-27,228.69000244140625,230.41000366210938,223.94000244140625,230.2899932861328,228.37405395507812,55665600,27.6200008392334,30.530000686645508,25.920000076293945,27.6200008392334
2020-05-28,229.11000061035156,233.47000122070312,229.0500030517578,229.99000549316406,228.07656860351562,42784300,27.81999969482422,29.889999389648438,27.43000030517578,28.59000015258789
2020-05-29,230.3800048828125,233.60000610351562,228.75999450683594,233.36000061035156,231.4185333251953,50691800,29.299999237060547,30.15999984741211,27.290000915527344,27.510000228881836
2020-06-01,232.4600067138672,234.4499969482422,232.0,234.05999755859375,232.11270141601562,25776000,28.940000534057617,30.600000381469727,28.110000610351562,28.229999542236328
2020-06-02,234.5,235.69000244140625,232.00999450683594,235.6300048828125,233.66964721679688,33383400,28.399999618530273,28.520000457763672,26.65999984741211,26.84000015258789
2020-06-03,236.25999450683594,237.47000122070312,235.35000610351562,236.69000244140625,234.72080993652344,37228700,26.75,26.979999542236328,25.040000915527344,25.65999984741211
2020-06-04,236.3300018310547,237.7899932861328,233.67999267578125,235.02999877929688,233.0746307373047,38716100,26.229999542236328,26.43000030517578,24.3799991607666,25.809999465942383
2020-06-05,236.22000122070312,240.3000030517578,235.6300048828125,239.69000244140625,237.6958465576172,47365600,24.790000915527344,25.09000015258789,23.540000915527344,24.520000457763672
2020-06-08,239.5399932861328,241.67999267578125,237.91000366210938,241.5500030517578,239.5404052734375,32937300,25.559999465942383,25.979999542236328,24.649999618530273,25.809999465942383
2020-06-09,240.66000366210938,244.17999267578125,240.47000122070312,243.3000030517578,241.2758331298828,35046300,25.93000030517578,27.700000762939453,25.709999084472656,27.56999969482422
2020-06-10,245.0500030517578,247.82000732421875,244.50999450683594,246.22000122070312,244.17153930664062,58084400,26.729999542236328,29.010000228881836,26.059999465942383,27.56999969482422
2020-06-11,242.16000366210938,243.58999633789062,233.9600067138672,234.02000427246094,232.0730438232422,72919400,30.450000762939453,42.58000183105469,29.489999771118164,40.790000915527344
2020-06-12,239.08999633789062,240.39999389648438,231.74000549316406,235.8800048828125,233.9175567626953,72034800,37.68000030517578,44.15999984741211,34.970001220703125,36.09000015258789
2020-06-15,232.44000244140625,239.4499969482422,231.47000122070312,238.75,236.76368713378906,45307400,44.09000015258789,44.439998626708984,34.279998779296875,34.400001525878906
2020-06-16,243.77999877929688,244.38999938964844,239.10000610351562,242.85000610351562,240.82957458496094,48890100,34.279998779296875,37.45000076293945,31.729999542236328,33.66999816894531
2020-06-17,244.39999389648438,245.5,242.72999572753906,243.6199951171875,241.59315490722656,34749300,33.279998779296875,35.16999816894531,32.25,33.470001220703125
2020-06-18,243.2899932861328,244.52999877929688,242.49000549316406,244.27999877929688,242.24769592285156,30578600,33.83000183105469,36.25,32.2400016784668,32.939998626708984
2020-06-19,246.72999572753906,247.0,242.4499969482422,244.24000549316406,242.20802307128906,49422100,32.06999969482422,35.119998931884766,30.399999618530273,35.119998931884766
2020-06-22,243.67999267578125,246.8699951171875,243.3800048828125,246.74000549316406,245.11270141601562,24068700,35.220001220703125,35.38999938964844,31.639999389648438,31.770000457763672
2020-06-23,248.38999938964844,251.14999389648438,247.82000732421875,248.83999633789062,247.19888305664062,32767400,31.709999084472656,31.709999084472656,29.260000228881836,31.3700008392334
2020-06-24,248.05999755859375,249.3300018310547,242.16000366210938,243.7100067138672,242.1027069091797,46032400,31.049999237060547,37.119998931884766,30.950000762939453,33.84000015258789
2020-06-25,243.8000030517578,246.33999633789062,241.13999938964844,246.02999877929688,244.4073944091797,36940800,36.59000015258789,36.93000030517578,31.59000015258789,32.220001220703125
2020-06-26,245.77999877929688,245.9600067138672,239.67999267578125,240.22000122070312,238.63571166992188,52824600,33.0099983215332,36.25,31.040000915527344,34.72999954223633
2020-06-29,239.97000122070312,242.85000610351562,237.35000610351562,242.83999633789062,241.23843383789062,34377800,35.04999923706055,36.310001373291016,31.780000686645508,31.780000686645508
2020-06-30,242.77000427246094,248.16000366210938,242.5800018310547,247.60000610351562,245.967041015625,38909200,32.540000915527344,32.939998626708984,29.559999465942383,30.43000030517578
2020-07-01,247.63999938964844,251.52000427246094,247.0800018310547,250.49000549316406,248.83799743652344,34689200,30.959999084472656,31.760000228881836,28.200000762939453,28.6200008392334
2020-07-02,253.02000427246094,254.27000427246094,251.7100067138672,252.19000244140625,250.5267791748047,31956500,28.329999923706055,28.440000534057617,25.899999618530273,27.68000030517578
2020-07-06,255.4499969482422,258.92999267578125,255.42999267578125,258.3900146484375,256.6859130859375,34589000,27.760000228881836,28.329999923706055,24.920000076293945,27.940000534057617
2020-07-07,258.1300048828125,260.8800048828125,256.29998779296875,256.6099853515625,254.9176025390625,36578200,28.770000457763672,29.6299991607666,27.25,29.43000030517578
2020-07-08,257.9800109863281,260.0199890136719,256.5,259.989990234375,258.2753601074219,30426300,28.950000762939453,30.200000762939453,27.239999771118164,28.079999923706055
2020-07-09,261.9700012207031,262.8699951171875,257.6300048828125,262.17999267578125,260.45086669921875,40312900,28.18000030517578,31.479999542236328,26.110000610351562,29.260000228881836
2020-07-10,262.0299987792969,264.2300109863281,259.260009765625,263.9700012207031,262.22906494140625,32885300,30.860000610351562,30.90999984741211,27.1299991607666,27.290000915527344
2020-07-13,266.9100036621094,269.7900085449219,257.69000244140625,258.5400085449219,256.8348693847656,64108100,27.850000381469727,32.45000076293945,26.8700008392334,32.189998626708984
2020-07-14,255.92999267578125,260.7900085449219,252.75999450683594,260.3699951171875,258.6528015136719,72230500,31.139999389648438,33.66999816894531,29.209999084472656,29.520000457763672
2020-07-15,261.8299865722656,262.69000244140625,257.489990234375,260.8999938964844,259.1793212890625,54523900,29.149999618530273,30.09000015258789,27.170000076293945,27.760000228881836
2020-07-16,258.0199890136719,259.7799987792969,255.6199951171875,259.1199951171875,257.41107177734375,47594100,28.40999984741211,29.290000915527344,26.979999542236328,28.0
2020-07-17,259.5899963378906,260.30999755859375,257.1700134277344,259.4200134277344,257.7091064453125,35137900,27.149999618530273,27.540000915527344,25.40999984741211,25.68000030517578
2020-07-20,260.0799865722656,267.42999267578125,258.7900085449219,266.7799987792969,265.02056884765625,40610100,26.940000534057617,27.079999923706055,24.350000381469727,24.459999084472656
2020-07-21,268.3999938964844,268.4100036621094,263.1300048828125,264.0,262.25885009765625,43243800,24.079999923706055,25.649999618530273,23.610000610351562,24.84000015258789
2020-07-22,264.510009765625,265.8900146484375,262.54998779296875,264.92999267578125,263.1827392578125,29865500,24.559999465942383,26.260000228881836,24.1299991607666,24.31999969482422
2020-07-23,264.510009765625,265.239990234375,256.54998779296875,258.010009765625,256.3083801269531,51363500,23.969999313354492,26.950000762939453,23.600000381469727,26.079999923706055
2020-07-24,254.0399932861328,256.92999267578125,251.32000732421875,255.55999755859375,253.8745574951172,54054500,27.959999084472656,28.579999923706055,25.530000686645508,25.84000015258789
2020-07-27,257.260009765625,260.5199890136719,256.45001220703125,260.1199951171875,258.4044494628906,36445700,26.600000381469727,26.940000534057617,24.549999237060547,24.739999771118164
2020-07-28,259.30999755859375,259.8500061035156,256.510009765625,256.80999755859375,255.11631774902344,31302400,24.860000610351562,25.850000381469727,24.049999237060547,25.440000534057617
2020-07-29,258.3999938964844,260.6600036621094,257.9100036621094,259.7699890136719,258.0567932128906,27556900,25.15999984741211,25.420000076293945,23.729999542236328,24.100000381469727
2020-07-30,257.739990234375,261.7099914550781,256.54998779296875,261.1300048828125,259.4078369140625,41774500,25.040000915527344,28.290000915527344,24.639999389648438,24.760000228881836
2020-07-31,265.9100036621094,265.95001220703125,260.8500061035156,265.7900085449219,264.037109375,53686300,24.790000915527344,26.40999984741211,23.549999237060547,24.459999084472656
2020-08-03,268.0,270.1499938964844,267.8699951171875,269.3800048828125,267.6034240722656,32081600,25.75,26.010000228881836,22.170000076293945,24.280000686645508
2020-08-04,268.8599853515625,270.4800109863281,268.0899963378906,270.3800048828125,268.5968017578125,24911300,24.010000228881836,24.760000228881836,22.920000076293945,23.760000228881836
2020-08-05,270.8800048828125,271.5199890136719,269.9599914550781,271.04998779296875,269.26239013671875,21612100,23.440000534057617,23.610000610351562,22.860000610351562,22.989999771118164
2020-08-06,270.8500061035156,274.9800109863281,270.19000244140625,274.6400146484375,272.8287048339844,28048200,23.030000686645508,24.110000610351562,20.969999313354492,22.649999618530273
2020-08-07,274.0799865722656,274.8800048828125,269.25,271.4700012207031,269.6796569824219,44969400,23.450000762939453,24.020000457763672,22.020000457763672,22.209999084472656
2020-08-10,271.7699890136719,271.9800109863281,266.6700134277344,270.30999755859375,268.52728271484375,35088400,22.8799991607666,23.520000457763672,21.459999084472656,22.1299991607666
2020-08-11,269.1099853515625,270.44000244140625,264.6300048828125,265.19000244140625,263.4410095214844,43104300,21.850000381469727,24.93000030517578,20.280000686645508,24.030000686645508
2020-08-12,267.4200134277344,272.8399963378906,267.3699951171875,271.8599853515625,270.06707763671875,38773400,22.81999969482422,22.8799991607666,21.540000915527344,22.280000686645508
2020-08-13,272.6600036621094,274.8299865722656,271.510009765625,272.4800109863281,270.6829833984375,31895700,22.200000762939453,22.920000076293945,21.450000762939453,22.1299991607666
2020-08-14,273.1199951171875,273.3999938964844,270.7200012207031,272.1600036621094,270.3650817871094,30799500,22.270000457763672,23.549999237060547,21.790000915527344,22.049999237060547
2020-08-17,273.92999267578125,275.8399963378906,272.20001220703125,275.32000732421875,273.5042419433594,24803000,22.520000457763672,22.81999969482422,21.34000015258789,21.350000381469727
2020-08-18,276.4200134277344,278.4599914550781,274.9100036621094,277.9700012207031,276.1367492675781,23529500,21.690000534057617,22.549999237060547,21.18000030517578,21.510000228881836
2020-08-19,277.92999267578125,279.0199890136719,275.57000732421875,276.1000061035156,274.27911376953125,31999400,21.600000381469727,22.979999542236328,20.989999771118164,22.540000915527344
2020-08-20,275.2799987792969,280.42999267578125,274.8599853515625,279.92999267578125,278.08380126953125,27723400,24.100000381469727,24.600000381469727,22.3700008392334,22.719999313354492
2020-08-21,280.1300048828125,282.3399963378906,279.4599914550781,281.8699951171875,280.0110168457031,34748900,22.579999923706055,24.469999313354492,22.059999465942383,22.540000915527344
2020-08-24,285.25,286.0,281.2699890136719,283.6300048828125,281.75946044921875,36418500,22.8700008392334,23.18000030517578,21.25,22.3700008392334
2020-08-25,282.8299865722656,286.05999755859375,282.3699951171875,285.8599853515625,283.9747009277344,34866600,22.15999984741211,23.43000030517578,21.530000686645508,22.030000686645508
2020-08-26,287.1499938964844,292.2200012207031,285.8299865722656,291.9599914550781,290.0344543457031,42216700,22.139999389648438,23.270000457763672,20.920000076293945,23.270000457763672
2020-08-27,292.9700012207031,293.8500061035156,288.7099914550781,291.04998779296875,289.1304626464844,49482700,23.420000076293945,27.09000015258789,21.440000534057617,24.469999313354492
2020-08-28,292.3299865722656,293.17999267578125,290.92999267578125,292.5299987792969,290.60076904296875,28021000,24.59000015258789,26.299999237060547,22.639999389648438,22.959999084472656
2020-08-31,293.07000732421875,296.75,292.6199951171875,294.8800048828125,292.93524169921875,36321000,23.90999984741211,26.5,21.770000457763672,26.40999984741211
2020-09-01,297.6199951171875,300.0400085449219,295.7900085449219,299.9200134277344,297.9419860839844,36216200,25.860000610351562,26.59000015258789,25.020000457763672,26.1200008392334
2020-09-02,303.2799987792969,303.5,296.8900146484375,302.760009765625,300.76324462890625,50836800,26.010000228881836,27.06999969482422,25.530000686645508,26.56999969482422
2020-09-03,298.1000061035156,298.6199951171875,284.4100036621094,287.4100036621094,285.5144958496094,110083300,26.280000686645508,35.939998626708984,25.65999984741211,33.599998474121094
2020-09-04,285.55999755859375,288.92999267578125,271.79998779296875,283.5799865722656,281.70977783203125,123959000,34.619998931884766,38.279998779296875,29.5,30.75
2020-09-08,272.2200012207031,278.2200012207031,269.6600036621094,269.95001220703125,268.1696472167969,99568600,30.610000610351562,35.93000030517578,30.520000457763672,31.459999084472656
2020-09-09,275.6400146484375,280.04998779296875,273.0,277.8800048828125,276.04736328125,64837900,31.68000030517578,31.780000686645508,28.1200008392334,28.809999465942383
2020-09-10,280.94000244140625,282.20001220703125,270.55999755859375,272.3399963378906,270.54388427734375,69667500,28.670000076293945,30.559999465942383,27.59000015258789,29.709999084472656
2020-09-11,274.1499938964844,275.2200012207031,266.8999938964844,270.45001220703125,268.6663818359375,71809000,28.6299991607666,29.729999542236328,26.510000228881836,26.8700008392334
2020-09-14,274.3599853515625,277.2200012207031,272.9599914550781,275.1600036621094,273.3453063964844,38525200,25.860000610351562,26.790000915527344,25.3799991607666,25.850000381469727
2020-09-15,279.0299987792969,280.45001220703125,275.1300048828125,279.05999755859375,277.2195739746094,41849900,25.920000076293945,26.0,24.920000076293945,25.59000015258789
2020-09-16,279.8800048828125,280.3599853515625,274.25,274.6099853515625,272.79888916015625,42321000,25.309999465942383,26.59000015258789,24.84000015258789,26.040000915527344
2020-09-17,267.54998779296875,274.3999938964844,266.67999267578125,270.32000732421875,268.5372009277344,81570800,28.219999313354492,28.920000076293945,26.260000228881836,26.459999084472656
2020-09-18,271.7900085449219,272.0899963378906,262.6300048828125,266.8699951171875,265.1099548339844,86251100,26.649999618530273,28.100000381469727,25.280000686645508,25.829999923706055
2020-09-21,262.4700012207031,267.6499938964844,260.1099853515625,267.510009765625,265.7457580566406,57168600,28.040000915527344,31.18000030517578,27.389999389648438,27.780000686645508
2020-09-22,269.989990234375,273.0799865722656,266.5400085449219,272.4800109863281,270.6829833984375,41128900,28.610000610351562,28.780000686645508,26.479999542236328,26.860000610351562
2020-09-23,272.1499938964844,272.3399963378906,263.25,264.1600036621094,262.4178466796875,48837300,27.020000457763672,29.729999542236328,25.190000534057617,28.579999923706055
2020-09-24,261.3900146484375,268.70001220703125,261.2200012207031,265.3900146484375,263.6397399902344,70631700,29.540000915527344,30.489999771118164,27.940000534057617,28.510000228881836
2020-09-25,265.9100036621094,272.3999938964844,264.29998779296875,271.55999755859375,269.7690124511719,55242400,28.170000076293945,30.43000030517578,26.020000457763672,26.3799991607666
2020-09-28,276.5799865722656,277.20001220703125,271.6700134277344,277.20001220703125,275.3718566894531,58438300,27.149999618530273,27.190000534057617,24.899999618530273,26.190000534057617
2020-09-29,276.6199951171875,277.7099914550781,275.3699951171875,275.95001220703125,274.130126953125,27050000,26.809999465942383,27.43000030517578,25.979999542236328,26.270000457763672
2020-09-30,276.1499938964844,281.0899963378906,275.8699951171875,277.8399963378906,276.00762939453125,49380800,26.690000534057617,27.1200008392334,25.059999465942383,26.3700008392334
2020-10-01,281.7900085449219,282.8800048828125,279.8399963378906,282.25,280.3885192871094,50020200,25.780000686645508,27.110000610351562,25.329999923706055,26.700000762939453
2020-10-02,276.0199890136719,282.239990234375,273.44000244140625,274.30999755859375,272.50091552734375,75497400,28.8700008392334,29.899999618530273,26.93000030517578,27.6299991607666
2020-10-05,276.3399963378906,280.489990234375,276.2300109863281,280.1600036621094,278.31231689453125,28184600,29.520000457763672,29.690000534057617,27.270000457763672,27.959999084472656
2020-10-06,279.45001220703125,281.19000244140625,274.25,275.1600036621094,273.3453063964844,49704200,28.049999237060547,30.0,26.010000228881836,29.479999542236328
2020-10-07,277.8900146484375,280.739990234375,277.2799987792969,279.9200134277344,278.07391357421875,27539700,29.260000228881836,29.760000228881836,27.940000534057617,28.059999465942383
2020-10-08,282.3999938964844,282.4700012207031,280.30999755859375,281.4100036621094,279.5540466308594,25443300,27.649999618530273,27.989999771118164,24.8799991607666,26.360000610351562
2020-10-09,283.1099853515625,285.7900085449219,282.7099914550781,285.7099914550781,283.82574462890625,30201100,26.200000762939453,26.219999313354492,24.030000686645508,25.0
2020-10-12,290.54998779296875,297.4599914550781,289.4700012207031,294.5299987792969,292.5875244140625,79370700,25.649999618530273,25.649999618530273,24.139999389648438,25.06999969482422
2020-10-13,296.3900146484375,297.04998779296875,293.1099853515625,294.5199890136719,292.5776062011719,64240000,25.670000076293945,26.93000030517578,25.15999984741211,26.06999969482422
2020-10-14,295.3500061035156,296.3500061035156,290.260009765625,292.05999755859375,290.13385009765625,36949100,25.719999313354492,27.229999542236328,25.530000686645508,26.399999618530273
2020-10-15,287.20001220703125,290.7099914550781,286.5400085449219,290.1000061035156,288.186767578125,42514200,27.100000381469727,29.059999465942383,26.81999969482422,26.969999313354492
2020-10-16,291.79998779296875,293.2699890136719,288.1499938964844,288.510009765625,286.6072692871094,40570700,27.15999984741211,27.459999084472656,26.190000534057617,27.40999984741211
2020-10-19,290.489990234375,291.4800109863281,282.7900085449219,283.79998779296875,281.9283142089844,36756800,27.360000610351562,29.690000534057617,27.040000915527344,29.18000030517578
2020-10-20,284.55999755859375,287.6199951171875,282.95001220703125,284.4100036621094,282.5343017578125,32195400,28.809999465942383,29.600000381469727,28.290000915527344,29.350000381469727
2020-10-21,284.6700134277344,287.32000732421875,283.69000244140625,284.19000244140625,282.3157653808594,29306100,29.1200008392334,30.549999237060547,28.3700008392334,28.649999618530273
2020-10-22,285.04998779296875,285.9800109863281,280.82000732421875,284.17999267578125,282.3057861328125,32196200,30.100000381469727,30.1200008392334,27.68000030517578,28.110000610351562
2020-10-23,284.7699890136719,284.9100036621094,281.7799987792969,284.739990234375,282.8620910644531,24658500,28.469999313354492,28.670000076293945,27.260000228881836,27.549999237060547
2020-10-26,282.3800048828125,285.29998779296875,276.760009765625,280.4700012207031,278.62030029296875,38421100,29.3799991607666,33.68000030517578,29.219999313354492,32.459999084472656
2020-10-27,281.5,283.510009765625,280.20001220703125,282.6600036621094,280.79583740234375,30559100,32.040000915527344,33.77000045776367,31.850000381469727,33.349998474121094
2020-10-28,278.010009765625,278.6400146484375,271.3800048828125,271.6400146484375,269.8485412597656,53413500,34.689998626708984,40.77000045776367,34.68000030517578,40.279998779296875
2020-10-29,273.0,279.489990234375,272.5199890136719,276.3900146484375,274.56719970703125,43246300,38.79999923706055,41.15999984741211,35.630001068115234,37.59000015258789
2020-10-30,274.3399963378906,275.239990234375,267.07000732421875,269.3800048828125,267.6034240722656,65838300,40.810001373291016,41.09000015258789,36.5,38.02000045776367
2020-11-02,271.8500061035156,273.5199890136719,266.9700012207031,269.9800109863281,268.199462890625,39987400,38.56999969482422,38.779998779296875,36.130001068115234,37.130001068115234
2020-11-03,271.9599914550781,276.82000732421875,270.8399963378906,274.6499938964844,272.83868408203125,43604100,36.439998626708984,36.439998626708984,34.189998626708984,35.54999923706055
2020-11-04,283.5899963378906,288.7699890136719,281.8699951171875,286.9100036621094,285.0177917480469,75728200,36.790000915527344,36.849998474121094,28.030000686645508,29.56999969482422
2020-11-05,293.5299987792969,295.3900146484375,292.0,294.3900146484375,292.448486328125,52054200,27.559999465942383,28.139999389648438,26.040000915527344,27.579999923706055
2020-11-06,293.7099914550781,295.3599853515625,289.8299865722656,294.6099853515625,292.6670227050781,40959800,27.8700008392334,29.440000534057617,24.559999465942383,24.860000610351562
2020-11-09,297.6499938964844,299.1400146484375,288.1199951171875,288.5899963378906,286.68670654296875,86537100,24.799999237060547,25.81999969482422,22.40999984741211,25.75
2020-11-10,285.1700134277344,286.6600036621094,280.6199951171875,283.4200134277344,281.55078125,69024900,25.360000610351562,26.770000457763672,24.350000381469727,24.799999237060547
2020-11-11,286.0299987792969,290.25,283.3800048828125,289.760009765625,287.8489990234375,36102900,25.010000228881836,25.1200008392334,22.56999969482422,23.450000762939453
2020-11-12,290.760009765625,292.07000732421875,287.25,288.3999938964844,286.4979553222656,34414600,24.389999389648438,27.270000457763672,23.530000686645508,25.350000381469727
2020-11-13,290.1700134277344,291.57000732421875,287.8699951171875,290.92999267578125,289.0112609863281,24806900,24.940000534057617,25.030000686645508,22.739999771118164,23.100000381469727
2020-11-16,290.6199951171875,293.510009765625,289.989990234375,293.20001220703125,291.2663269042969,30168400,23.65999984741211,24.079999923706055,22.43000030517578,22.450000762939453
2020-11-17,293.3999938964844,293.739990234375,291.6099853515625,292.2699890136719,290.3424377441406,21843500,22.84000015258789,24.09000015258789,22.34000015258789,22.709999084472656
2020-11-18,291.70001220703125,293.3699951171875,290.0199890136719,290.1099853515625,288.1966857910156,28069600,22.860000610351562,23.920000076293945,21.65999984741211,23.84000015258789
2020-11-19,289.5400085449219,292.70001220703125,288.8500061035156,292.3800048828125,290.45172119140625,22718400,23.6200008392334,24.520000457763672,22.559999465942383,23.110000610351562
2020-11-20,292.29998779296875,293.07000732421875,290.2900085449219,290.3800048828125,288.4648742675781,25907300,23.43000030517578,23.729999542236328,22.1299991607666,23.700000762939453
2020-11-23,291.4100036621094,292.75,288.07000732421875,290.3900146484375,288.4748840332031,26875600,23.65999984741211,23.959999084472656,22.450000762939453,22.65999984741211
2020-11-24,291.489990234375,294.9800109863281,289.6300048828125,294.4700012207031,292.5279235839844,24516800,22.040000915527344,22.479999542236328,20.799999237060547,21.639999389648438
2020-11-25,295.57000732421875,296.94000244140625,294.5899963378906,296.2799987792969,294.32598876953125,23326800,21.649999618530273,22.5,21.1299991607666,21.25
2020-11-27,298.30999755859375,300.1700134277344,297.8999938964844,299.010009765625,297.03802490234375,17163100,21.520000457763672,21.600000381469727,19.510000228881836,20.84000015258789
2020-11-30,299.3399963378906,299.9700012207031,294.7799987792969,299.6199951171875,297.64398193359375,27836200,22.639999389648438,22.889999389648438,20.479999542236328,20.56999969482422
2020-12-01,301.9700012207031,305.1400146484375,300.8299865722656,303.4599914550781,301.4586486816406,27521300,20.209999084472656,20.920000076293945,20.0,20.770000457763672
2020-12-02,302.25,304.20001220703125,300.3500061035156,303.8500061035156,301.8460693359375,23620000,21.0,21.25,20.040000915527344,21.170000076293945
2020-12-03,304.1700134277344,305.8800048828125,303.5299987792969,304.2799987792969,302.27325439453125,22828700,21.239999771118164,21.8799991607666,20.719999313354492,21.280000686645508
2020-12-04,304.3299865722656,305.6700134277344,303.6300048828125,305.5199890136719,303.5050964355469,19332100,21.049999237060547,21.149999618530273,19.969999313354492,20.790000915527344
2020-12-07,305.7099914550781,307.6300048828125,305.5199890136719,307.25,305.2236022949219,20851000,22.040000915527344,22.6200008392334,21.170000076293945,21.299999237060547
2020-12-08,306.760009765625,308.6000061035156,304.95001220703125,308.2900085449219,306.2568054199219,18341500,21.649999618530273,22.25,20.520000457763672,20.68000030517578
2020-12-09,308.07000732421875,308.3599853515625,300.2099914550781,301.30999755859375,299.3228454589844,48839300,20.65999984741211,22.93000030517578,20.100000381469727,22.270000457763672
2020-12-10,299.2099914550781,303.67999267578125,298.0899963378906,302.5199890136719,300.5248107910156,27519500,22.1200008392334,23.459999084472656,21.530000686645508,22.520000457763672
2020-12-11,300.80999755859375,301.9800109863281,298.4700012207031,301.8500061035156,299.8592529296875,26760400,22.489999771118164,25.139999389648438,22.479999542236328,23.309999465942383
2020-12-14,303.0799865722656,306.04998779296875,303.010009765625,304.0400085449219,302.0348205566406,28804800,22.670000076293945,24.81999969482422,21.950000762939453,24.719999313354492
2020-12-15,306.3699951171875,307.2900085449219,304.1099853515625,307.2900085449219,305.263427734375,25709000,24.0,24.06999969482422,22.729999542236328,22.889999389648438
2020-12-16,307.70001220703125,309.7900085449219,306.6199951171875,308.9800109863281,306.9422607421875,25461900,22.510000228881836,23.670000076293945,22.290000915527344,22.5
2020-12-17,310.6300048828125,311.239990234375,309.3900146484375,311.0,308.9489440917969,23730500,21.979999542236328,22.270000457763672,21.520000457763672,21.93000030517578
2020-12-18,311.6600036621094,311.9800109863281,307.6099853515625,310.05999755859375,308.0151062011719,41173400,22.149999618530273,23.770000457763672,21.56999969482422,21.56999969482422
2020-12-21,306.4599914550781,309.4700012207031,303.6000061035156,308.9200134277344,307.43890380859375,37095500,24.25,31.459999084472656,24.229999542236328,25.15999984741211
2020-12-22,309.8500061035156,310.7099914550781,306.8500061035156,309.760009765625,308.2748718261719,26176300,25.239999771118164,25.559999465942383,23.530000686645508,24.229999542236328
2020-12-23,309.80999755859375,310.17999267578125,308.0400085449219,308.20001220703125,306.72235107421875,21201300,23.489999771118164,23.68000030517578,22.1299991607666,23.309999465942383
2020-12-24,308.4700012207031,310.0199890136719,308.3900146484375,309.55999755859375,308.0758361816406,16785000,22.469999313354492,22.829999923706055,21.389999389648438,21.530000686645508
2020-12-28,312.25,313.1700134277344,310.3599853515625,312.67999267578125,311.18084716796875,22497700,22.110000610351562,22.1200008392334,21.149999618530273,21.700000762939453
2020-12-29,314.04998779296875,314.69000244140625,312.0299987792969,312.9599914550781,311.45953369140625,25871900,21.610000610351562,23.719999313354492,20.989999771118164,23.079999923706055
2020-12-30,314.1600036621094,314.489990234375,312.3299865722656,312.9700012207031,311.469482421875,18138100,22.579999923706055,23.149999618530273,22.40999984741211,22.770000457763672
2020-12-31,312.8699951171875,314.239990234375,311.760009765625,313.739990234375,312.2357482910156,21611400,22.989999771118164,23.25,21.239999771118164,22.75
2021-01-04,315.1099853515625,315.2900085449219,305.17999267578125,309.30999755859375,307.8269958496094,45305900,23.040000915527344,29.190000534057617,22.559999465942383,26.969999313354492
2021-01-05,308.2900085449219,312.1400146484375,308.2900085449219,311.8599853515625,310.36480712890625,29323400,26.940000534057617,28.600000381469727,24.799999237060547,25.34000015258789
2021-01-06,307.0,311.8800048828125,305.9800109863281,307.5400085449219,306.06549072265625,52809600,25.479999542236328,26.770000457763672,22.139999389648438,25.06999969482422
2021-01-07,310.2799987792969,315.8399963378906,310.25,314.9800109863281,313.4698486328125,30394800,23.670000076293945,23.90999984741211,22.25,22.3700008392334
2021-01-08,317.3399963378906,319.3900146484375,315.0799865722656,319.0299987792969,317.5003967285156,33955800,22.43000030517578,23.34000015258789,21.420000076293945,21.559999465942383
2021-01-11,315.9800109863281,317.19000244140625,313.75,314.4200134277344,312.91253662109375,32746400,23.309999465942383,24.809999465942383,23.229999542236328,24.079999923706055
2021-01-12,314.4599914550781,315.5799865722656,311.20001220703125,313.9200134277344,312.4149475097656,29266800,23.489999771118164,25.149999618530273,22.829999923706055,23.329999923706055
2021-01-13,314.19000244140625,316.8599853515625,313.57000732421875,316.0400085449219,314.5247497558594,22898400,23.06999969482422,24.18000030517578,21.920000076293945,22.209999084472656
2021-01-14,316.5,317.5299987792969,313.8599853515625,314.3500061035156,312.8428649902344,23500100,22.219999313354492,23.469999313354492,21.65999984741211,23.25
2021-01-15,314.1300048828125,315.1199951171875,310.5799865722656,311.8599853515625,310.36480712890625,35118700,23.520000457763672,25.799999237060547,23.079999923706055,24.34000015258789
2021-01-19,314.25,316.92999267578125,313.1199951171875,316.4100036621094,314.8929443359375,24537000,23.030000686645508,23.559999465942383,22.530000686645508,23.239999771118164
2021-01-20,320.1400146484375,324.739990234375,316.510009765625,323.7699890136719,322.2176818847656,30728100,22.81999969482422,22.860000610351562,21.3700008392334,21.579999923706055
2021-01-21,325.1499938964844,327.1300048828125,323.7300109863281,326.3599853515625,324.7952575683594,25130600,21.34000015258789,22.219999313354492,21.09000015258789,21.31999969482422
2021-01-22,325.2900085449219,326.4599914550781,324.7099914550781,325.4200134277344,323.8597717285156,21609400,22.239999771118164,23.729999542236328,21.270000457763672,21.90999984741211
2021-01-25,328.9100036621094,330.32000732421875,321.4100036621094,328.1099853515625,326.5368347167969,39080600,22.309999465942383,26.6299991607666,22.200000762939453,23.190000534057617
2021-01-26,328.8500061035156,329.760009765625,327.2200012207031,328.5899963378906,327.0145568847656,25498100,23.90999984741211,23.940000534057617,22.549999237060547,23.020000457763672
2021-01-27,326.260009765625,326.2699890136719,317.3599853515625,319.42999267578125,317.89849853515625,55264000,23.81999969482422,37.209999084472656,23.709999084472656,37.209999084472656
2021-01-28,320.6700134277344,326.4200134277344,320.0299987792969,321.32000732421875,319.7794494628906,42836300,33.25,36.290000915527344,27.389999389648438,30.209999084472656
2021-01-29,319.5799865722656,320.7200012207031,312.760009765625,314.55999755859375,313.0518493652344,55259000,35.15999984741211,37.5099983215332,29.239999771118164,33.09000015258789
2021-02-01,318.1099853515625,323.5400085449219,316.0199890136719,322.4200134277344,320.8741760253906,35646000,31.450000762939453,33.959999084472656,29.030000686645508,30.239999771118164
2021-02-02,325.4800109863281,328.8699951171875,325.30999755859375,327.67999267578125,326.10894775390625,33930800,28.010000228881836,28.079999923706055,25.309999465942383,25.559999465942383
2021-02-03,329.82000732421875,330.20001220703125,326.32000732421875,326.3800048828125,324.8152160644531,24824500,24.59000015258789,25.43000030517578,22.90999984741211,22.90999984741211
2021-02-04,327.82000732421875,330.3299865722656,326.4599914550781,330.239990234375,328.6566467285156,22350900,23.440000534057617,23.440000534057617,21.68000030517578,21.770000457763672
2021-02-05,331.2200012207031,332.3999938964844,329.5299987792969,331.3599853515625,329.77130126953125,22732000,21.989999771118164,22.15999984741211,20.860000610351562,20.8700008392334
2021-02-08,333.1000061035156,333.739990234375,331.4100036621094,333.5799865722656,331.9806213378906,20462800,21.889999389648438,22.06999969482422,21.229999542236328,21.239999771118164
2021-02-09,332.6199951171875,334.80999755859375,332.6099853515625,333.510009765625,331.9110107421875,17597500,21.56999969482422,22.260000228881836,20.649999618530273,21.6299991607666
2021-02-10,334.989990234375,335.4599914550781,329.5,332.75,331.1546325683594,28068700,21.639999389648438,23.850000381469727,19.690000534057617,21.989999771118164
2021-02-11,334.3299865722656,335.0,332.1199951171875,334.5799865722656,332.975830078125,22046100,22.09000015258789,23.25,21.110000610351562,21.25
2021-02-12,333.7099914550781,336.6199951171875,332.6300048828125,336.45001220703125,334.8369140625,20346800,21.600000381469727,22.450000762939453,19.950000762939453,19.969999313354492
2021-02-16,337.2699890136719,338.19000244140625,334.3399963378906,335.5400085449219,333.9312744140625,27080800,21.1299991607666,22.459999084472656,20.8799991607666,21.459999084472656
2021-02-17,332.4700012207031,335.6600036621094,330.1700134277344,333.92999267578125,332.3289794921875,31360300,22.020000457763672,23.440000534057617,21.09000015258789,21.5
2021-02-18,330.2300109863281,333.8699951171875,328.3599853515625,332.4700012207031,330.8759765625,32236200,21.979999542236328,24.229999542236328,21.799999237060547,22.489999771118164
2021-02-19,333.8599853515625,333.989990234375,329.9700012207031,331.0199890136719,329.43292236328125,39157700,23.100000381469727,23.190000534057617,20.84000015258789,22.049999237060547
2021-02-22,326.5,327.79998779296875,322.2300109863281,322.44000244140625,320.89404296875,47256900,24.459999084472656,25.09000015258789,21.959999084472656,23.450000762939453
2021-02-23,317.0,323.20001220703125,311.0,321.4800109863281,319.9386901855469,97241900,22.81999969482422,27.010000228881836,22.5,23.110000610351562
2021-02-24,318.739990234375,324.45001220703125,315.9599914550781,324.1300048828125,322.57598876953125,58206300,23.760000228881836,25.040000915527344,21.309999465942383,21.34000015258789
2021-02-25,321.3900146484375,324.0299987792969,311.239990234375,312.8299865722656,311.33013916015625,110182600,21.729999542236328,31.15999984741211,21.520000457763672,28.889999389648438
2021-02-26,315.8500061035156,319.1099853515625,310.8800048828125,314.1400146484375,312.63385009765625,104739800,28.729999542236328,30.81999969482422,25.229999542236328,27.950000762939453
2021-03-01,319.2699890136719,323.94000244140625,317.94000244140625,323.5899963378906,322.0385437011719,49164500,25.200000762939453,25.389999389648438,23.170000076293945,23.350000381469727
2021-03-02,324.25,324.3299865722656,318.1400146484375,318.3999938964844,316.8734130859375,48370000,23.579999923706055,24.600000381469727,22.799999237060547,24.100000381469727
2021-03-03,317.2699890136719,318.239990234375,309.1000061035156,309.1600036621094,307.6777038574219,86301100,22.799999237060547,26.790000915527344,22.450000762939453,26.670000076293945
2021-03-04,308.7799987792969,312.0400085449219,300.1099853515625,304.1000061035156,302.6419982910156,139131600,26.520000457763672,31.899999618530273,24.93000030517578,28.56999969482422
2021-03-05,306.79998779296875,309.6099853515625,297.45001220703125,308.67999267578125,307.2000427246094,121523700,29.479999542236328,30.030000686645508,24.329999923706055,24.65999984741211
2021-03-08,308.1199951171875,310.05999755859375,299.510009765625,299.94000244140625,298.501953125,88409800,27.610000610351562,28.389999389648438,24.06999969482422,25.469999313354492
2021-03-09,307.4700012207031,313.7300109863281,306.9200134277344,311.7699890136719,310.27520751953125,80391100,25.110000610351562,25.25,22.899999618530273,24.030000686645508
2021-03-10,316.1600036621094,316.4700012207031,310.1700134277344,310.8800048828125,309.3894958496094,76798100,23.760000228881836,23.8700008392334,22.3799991607666,22.559999465942383
2021-03-11,315.7699890136719,319.8599853515625,314.8500061035156,318.0400085449219,316.5151672363281,53484800,22.5,22.5,21.450000762939453,21.90999984741211
2021-03-12,313.8599853515625,318.2300109863281,311.3900146484375,315.4599914550781,313.947509765625,69315600,22.56999969482422,22.989999771118164,20.6299991607666,20.690000534057617
2021-03-15,315.7900085449219,319.0,314.1000061035156,318.8299865722656,317.3013610839844,42955700,21.84000015258789,21.860000610351562,19.8700008392334,20.030000686645508
2021-03-16,321.0899963378906,324.20001220703125,319.1000061035156,320.5799865722656,319.0429382324219,54925900,20.139999389648438,20.309999465942383,19.329999923706055,19.790000915527344
2021-03-17,317.45001220703125,323.8500061035156,315.67999267578125,321.8999938964844,320.3566589355469,78258700,20.100000381469727,20.950000762939453,19.18000030517578,19.229999542236328
2021-03-18,316.8699951171875,317.8800048828125,311.57000732421875,312.0400085449219,310.5439453125,82718100,18.950000762939453,22.600000381469727,18.950000762939453,21.579999923706055
2021-03-19,311.8699951171875,314.7300109863281,309.6600036621094,313.1400146484375,311.6386413574219,78446200,21.43000030517578,23.170000076293945,19.899999618530273,20.950000762939453
2021-03-22,315.2099914550781,320.739990234375,315.2099914550781,318.6099853515625,317.4828796386719,56194800,21.90999984741211,22.290000915527344,18.8700008392334,18.8799991607666
2021-03-23,319.7300109863281,321.0899963378906,316.3800048828125,317.2200012207031,316.09783935546875,53455400,19.459999084472656,21.579999923706055,18.799999237060547,20.299999237060547
2021-03-24,318.6300048828125,318.6700134277344,311.7200012207031,311.8699951171875,310.7667236328125,64803700,20.639999389648438,21.489999771118164,19.299999237060547,21.200000762939453
2021-03-25,309.9700012207031,312.8900146484375,307.3900146484375,311.3299865722656,310.2286682128906,78729000,20.799999237060547,23.549999237060547,19.809999465942383,19.809999465942383
2021-03-26,311.1099853515625,316.3299865722656,309.6700134277344,316.0,314.8821716308594,63519600,19.31999969482422,21.489999771118164,18.68000030517578,18.860000610351562
2021-03-29,315.45001220703125,316.989990234375,312.4700012207031,315.9100036621094,314.7924499511719,54608000,20.399999618530273,21.600000381469727,19.420000076293945,20.739999771118164
2021-03-30,313.8900146484375,314.9100036621094,311.5400085449219,314.32000732421875,313.20806884765625,44635700,20.760000228881836,21.75,19.469999313354492,19.610000610351562
2021-03-31,316.1600036621094,320.739990234375,315.80999755859375,319.1300048828125,318.0010681152344,55032500,19.799999237060547,20.110000610351562,18.850000381469727,19.399999618530273
2021-04-01,323.07000732421875,324.7099914550781,322.80999755859375,324.57000732421875,323.42181396484375,55685600,18.600000381469727,18.639999389648438,17.290000915527344,17.329999923706055
2021-04-05,327.1300048828125,331.8399963378906,326.8800048828125,331.04998779296875,329.8788757324219,42172500,18.15999984741211,18.399999618530273,17.350000381469727,17.90999984741211
2021-04-06,330.7300109863281,332.8299865722656,330.0199890136719,330.82000732421875,329.64971923828125,33537200,18.06999969482422,18.299999237060547,17.3700008392334,18.1200008392334
2021-04-07,330.3299865722656,332.4800109863281,329.3699951171875,331.6199951171875,330.4468994140625,32046400,17.989999771118164,18.170000076293945,16.8700008392334,17.15999984741211
2021-04-08,334.55999755859375,335.2699890136719,333.739990234375,335.0799865722656,333.8946228027344,29940800,16.920000076293945,17.360000610351562,16.549999237060547,16.950000762939453
2021-04-09,333.67999267578125,337.32000732421875,332.9200134277344,337.1099853515625,335.91741943359375,36664900,17.049999237060547,17.34000015258789,16.200000762939453,16.690000534057617
2021-04-12,336.0400085449219,337.1000061035156,334.7300109863281,336.6700134277344,335.4790344238281,25833000,17.43000030517578,17.90999984741211,16.809999465942383,16.90999984741211
2021-04-13,338.239990234375,341.0799865722656,338.0199890136719,340.6000061035156,339.3951110839844,30374000,16.989999771118164,17.860000610351562,16.43000030517578,16.649999618530273
2021-04-14,340.8500061035156,340.9800109863281,335.6700134277344,336.510009765625,335.319580078125,42564300,16.709999084472656,17.690000534057617,15.380000114440918,16.989999771118164
2021-04-15,339.4700012207031,342.010009765625,336.2200012207031,341.6099853515625,340.4015197753906,36342800,16.780000686645508,16.920000076293945,15.9399995803833,16.56999969482422
2021-04-16,342.1499938964844,342.2300109863281,340.0799865722656,342.010009765625,340.8001403808594,40860100,16.649999618530273,16.8799991607666,16.049999237060547,16.25
2021-04-19,340.3900146484375,341.5799865722656,336.8999938964844,338.8800048828125,337.6811828613281,34533100,17.040000915527344,18.610000610351562,16.780000686645508,17.290000915527344
2021-04-20,338.20001220703125,339.5199890136719,334.3800048828125,336.4100036621094,335.2199401855469,38081800,17.360000610351562,19.700000762939453,17.239999771118164,18.68000030517578
2021-04-21,335.0899963378906,339.4800109863281,333.9700012207031,339.2900085449219,338.0897521972656,36598100,18.479999542236328,19.290000915527344,16.90999984741211,17.5
2021-04-22,338.8900146484375,339.8999938964844,334.010009765625,335.20001220703125,334.01422119140625,45936100,17.280000686645508,19.899999618530273,16.989999771118164,18.709999084472656
2021-04-23,335.8500061035156,340.7699890136719,335.8500061035156,339.4200134277344,338.2193298339844,36381900,18.559999465942383,18.780000686645508,16.799999237060547,17.329999923706055
2021-04-26,339.6700134277344,341.9200134277344,338.8999938964844,341.6300048828125,340.4214782714844,30812000,17.940000534057617,18.170000076293945,16.8700008392334,17.639999389648438
2021-04-27,341.92999267578125,342.1499938964844,339.1700134277344,340.1499938964844,338.9466857910156,33187200,17.6200008392334,18.15999984741211,16.969999313354492,17.559999465942383
2021-04-28,339.80999755859375,340.8500061035156,338.3299865722656,339.0,337.80078125,33615700,17.469999313354492,17.84000015258789,16.670000076293945,17.280000686645508
2021-04-29,342.3699951171875,342.79998779296875,336.8999938964844,340.2200012207031,339.0164489746094,37708900,16.8799991607666,18.8700008392334,16.770000457763672,17.610000610351562
2021-04-30,337.70001220703125,340.260009765625,337.04998779296875,337.989990234375,336.7943115234375,38263400,17.670000076293945,19.25,17.639999389648438,18.610000610351562
2021-05-03,339.2300109863281,340.0,335.7300109863281,336.19000244140625,335.000732421875,29729700,18.649999618530273,19.1200008392334,17.799999237060547,18.309999465942383
2021-05-04,333.55999755859375,333.8900146484375,326.2099914550781,330.1400146484375,328.97216796875,65147000,18.15999984741211,21.850000381469727,18.110000610351562,19.479999542236328
2021-05-05,332.25,333.1400146484375,328.2300109863281,329.0299987792969,327.8660583496094,46219300,18.84000015258789,19.579999923706055,17.889999389648438,19.149999618530273
2021-05-06,328.760009765625,331.6700134277344,326.45001220703125,331.510009765625,330.3372802734375,46814300,18.40999984741211,20.600000381469727,18.209999084472656,18.389999389648438
2021-05-07,334.3699951171875,336.6499938964844,331.69000244140625,334.20001220703125,333.0177917480469,53324500,18.450000762939453,18.56999969482422,16.68000030517578,16.690000534057617
2021-05-10,332.7799987792969,332.9599914550781,325.54998779296875,325.760009765625,324.6076354980469,60700500,17.34000015258789,19.75,17.06999969482422,19.65999984741211
2021-05-11,319.70001220703125,326.1300048828125,319.0199890136719,325.30999755859375,324.1592102050781,71963600,21.170000076293945,23.729999542236328,20.709999084472656,21.84000015258789
2021-05-12,320.2300109863281,322.6199951171875,316.0,316.8900146484375,315.76898193359375,91164900,22.420000076293945,28.3799991607666,21.65999984741211,27.59000015258789
2021-05-13,319.9200134277344,322.3999938964844,316.8999938964844,319.3399963378906,318.2103271484375,69877800,26.030000686645508,28.93000030517578,22.229999542236328,23.1299991607666
2021-05-14,322.6000061035156,327.3299865722656,322.0799865722656,326.3900146484375,325.2353820800781,44370000,21.770000457763672,22.100000381469727,18.65999984741211,18.809999465942383
2021-05-17,324.6300048828125,326.3699951171875,321.45001220703125,324.4100036621094,323.26239013671875,39395000,19.889999389648438,21.579999923706055,19.670000076293945,19.719999313354492
2021-05-18,325.3900146484375,326.6499938964844,321.94000244140625,322.2200012207031,321.08013916015625,36528500,18.889999389648438,21.450000762939453,18.809999465942383,21.34000015258789
2021-05-19,316.6600036621094,322.8999938964844,316.29998779296875,322.5899963378906,321.4488220214844,66319100,22.459999084472656,25.959999084472656,21.8799991607666,22.18000030517578
2021-05-20,324.1199951171875,329.7099914550781,323.8900146484375,328.8299865722656,327.6667175292969,46466100,22.329999923706055,23.5,20.190000534057617,20.670000076293945
2021-05-21,330.42999267578125,330.8599853515625,326.6400146484375,327.010009765625,325.8531799316406,50330400,20.420000076293945,20.889999389648438,19.530000686645508,20.149999618530273
2021-05-24,329.3699951171875,333.6700134277344,326.8999938964844,332.510009765625,331.333740234375,32475800,20.5,20.510000228881836,18.3799991607666,18.399999618530273
2021-05-25,334.07000732421875,334.80999755859375,331.760009765625,332.9700012207031,331.7920837402344,31280300,18.350000381469727,19.290000915527344,16.8700008392334,18.84000015258789
2021-05-26,333.6600036621094,334.6099853515625,332.95001220703125,334.1300048828125,332.947998046875,25444900,18.3700008392334,18.920000076293945,17.350000381469727,17.360000610351562
2021-05-27,333.6700134277344,334.5400085449219,332.6700134277344,332.8800048828125,331.7024230957031,27931700,18.030000686645508,18.170000076293945,16.520000457763672,16.739999771118164
2021-05-28,334.1199951171875,335.57000732421875,333.6000061035156,333.92999267578125,332.7486877441406,29927400,16.799999237060547,16.860000610351562,15.899999618530273,16.760000228881836
2021-06-01,335.29998779296875,335.7900085449219,331.42999267578125,332.82000732421875,331.6426696777344,31145400,17.239999771118164,18.530000686645508,15.680000305175781,17.899999618530273
2021-06-02,333.25,334.3399963378906,331.70001220703125,333.4700012207031,332.2903137207031,22047900,17.860000610351562,18.309999465942383,16.739999771118164,17.479999542236328
2021-06-03,330.54998779296875,331.8599853515625,328.2799987792969,330.0,328.8326110839844,37057800,17.729999542236328,19.270000457763672,17.450000762939453,18.040000915527344
2021-06-04,331.8500061035156,336.05999755859375,331.7799987792969,335.6000061035156,334.4128112792969,38736500,18.09000015258789,18.420000076293945,16.18000030517578,16.420000076293945
2021-06-07,335.04998779296875,336.6600036621094,334.3399963378906,336.6000061035156,335.4093017578125,32611900,17.34000015258789,17.350000381469727,15.779999732971191,16.420000076293945
2021-06-08,338.3999938964844,339.2900085449219,335.0299987792969,336.760009765625,335.5687255859375,27282800,16.579999923706055,17.75,15.149999618530273,17.06999969482422
2021-06-09,338.1700134277344,338.9700012207031,336.6499938964844,336.8399963378906,335.6484069824219,21485300,17.18000030517578,17.959999084472656,15.550000190734863,17.889999389648438
2021-06-10,337.19000244140625,340.4599914550781,336.7300109863281,340.3500061035156,339.14599609375,33702100,18.18000030517578,18.290000915527344,16.010000228881836,16.100000381469727
2021-06-11,340.3599853515625,341.25,339.69000244140625,341.239990234375,340.0328674316406,21222800,16.18000030517578,16.200000762939453,15.149999618530273,15.649999618530273
2021-06-14,341.67999267578125,344.5199890136719,340.4599914550781,344.510009765625,343.2912902832031,27827700,16.040000915527344,17.040000915527344,15.039999961853027,16.389999389648438
2021-06-15,344.1499938964844,344.4700012207031,341.5199890136719,342.260009765625,341.04925537109375,35963800,16.270000457763672,17.350000381469727,16.139999389648438,17.020000457763672
2021-06-16,342.739990234375,343.8399963378906,337.45001220703125,341.010009765625,339.80364990234375,55399500,16.989999771118164,19.110000610351562,16.420000076293945,18.149999618530273
2021-06-17,339.9700012207031,346.3800048828125,339.9200134277344,345.3399963378906,344.1183166503906,59722700,18.489999771118164,19.219999313354492,16.709999084472656,17.75
2021-06-18,343.6300048828125,344.80999755859375,341.8599853515625,342.6300048828125,341.4179382324219,55414900,16.959999084472656,21.040000915527344,16.920000076293945,20.700000762939453
2021-06-21,342.42999267578125,344.69000244140625,340.1499938964844,344.3599853515625,343.5398254394531,32992600,21.739999771118164,21.81999969482422,17.809999465942383,17.889999389648438
2021-06-22,344.1499938964844,348.0299987792969,343.8399963378906,347.57000732421875,346.7422180175781,28941600,17.90999984741211,18.31999969482422,15.760000228881836,16.65999984741211
2021-06-23,347.510009765625,348.9200134277344,346.8800048828125,347.739990234375,346.91180419921875,27188500,16.25,16.84000015258789,14.859999656677246,16.31999969482422
2021-06-24,349.7300109863281,351.4599914550781,349.1700134277344,349.8900146484375,349.05670166015625,32581600,15.989999771118164,16.049999237060547,14.1899995803833,15.970000267028809
2021-06-25,350.4700012207031,350.7200012207031,348.8399963378906,349.4599914550781,348.6277160644531,28682800,16.040000915527344,16.170000076293945,15.210000038146973,15.619999885559082
2021-06-28,350.7799987792969,353.8500061035156,350.7200012207031,353.7099914550781,352.8675842285156,39130300,16.06999969482422,16.459999084472656,15.390000343322754,15.760000228881836
2021-06-29,353.5299987792969,355.0199890136719,352.6700134277344,354.989990234375,354.14453125,29426000,15.6899995803833,16.309999465942383,14.100000381469727,16.020000457763672
2021-06-30,354.8299865722656,355.2300109863281,353.8299865722656,354.42999267578125,353.5858459472656,32724000,16.18000030517578,17.309999465942383,15.579999923706055,15.829999923706055
2021-07-01,354.07000732421875,355.0899963378906,352.67999267578125,354.57000732421875,353.72552490234375,29290000,15.619999885559082,16.010000228881836,15.3100004196167,15.479999542236328
2021-07-02,356.5199890136719,358.9700012207031,356.2799987792969,358.6400146484375,357.7858581542969,32727200,15.529999732971191,15.539999961853027,14.25,15.069999694824219
2021-07-06,359.260009765625,360.4800109863281,356.489990234375,360.19000244140625,359.3321533203125,38842400,15.770000457763672,17.940000534057617,15.729999542236328,16.440000534057617
2021-07-07,362.45001220703125,362.760009765625,358.94000244140625,360.95001220703125,360.0903625488281,35265200,16.43000030517578,17.639999389648438,16.079999923706055,16.200000762939453
2021-07-08,355.739990234375,359.6499938964844,354.4200134277344,358.7699890136719,357.91552734375,50890000,17.739999771118164,21.290000915527344,17.739999771118164,19.0
2021-07-09,358.1700134277344,361.5,357.57000732421875,361.010009765625,360.15020751953125,35184500,17.8799991607666,18.1299991607666,16.079999923706055,16.18000030517578
2021-07-12,362.45001220703125,362.8900146484375,360.8299865722656,362.4200134277344,361.5568542480469,25717700,16.850000381469727,17.520000457763672,16.139999389648438,16.170000076293945
2021-07-13,362.0299987792969,365.4700012207031,361.5400085449219,362.4200134277344,361.5568542480469,39723000,16.389999389648438,17.229999542236328,15.9399995803833,17.1200008392334
2021-07-14,364.8299865722656,365.489990234375,362.2200012207031,363.07000732421875,362.2052917480469,35336400,17.34000015258789,17.510000228881836,15.949999809265137,16.329999923706055
2021-07-15,362.9800109863281,363.19000244140625,358.4599914550781,360.5199890136719,359.661376953125,53391600,16.700000762939453,18.09000015258789,16.559999465942383,17.010000228881836
2021-07-16,361.3999938964844,362.4100036621094,357.239990234375,357.6000061035156,356.74835205078125,47262000,16.799999237060547,18.700000762939453,16.030000686645508,18.450000762939453
2021-07-19,354.04998779296875,355.17999267578125,352.0400085449219,354.6700134277344,353.8253173828125,64404600,19.610000610351562,25.09000015258789,19.270000457763672,22.5
2021-07-20,355.6300048828125,360.2799987792969,353.79998779296875,358.7900085449219,357.93548583984375,42183700,20.889999389648438,22.969999313354492,19.3700008392334,19.729999542236328
2021-07-21,358.3500061035156,361.55999755859375,358.1199951171875,361.55999755859375,360.6988830566406,30259900,19.729999542236328,19.81999969482422,17.809999465942383,17.90999984741211
2021-07-22,361.7699890136719,363.9599914550781,361.7699890136719,363.95001220703125,363.08319091796875,30252200,17.59000015258789,18.450000762939453,17.399999618530273,17.690000534057617
2021-07-23,365.30999755859375,368.489990234375,363.9200134277344,368.20001220703125,367.3230895996094,31960800,16.979999542236328,17.479999542236328,16.329999923706055,17.200000762939453
2021-07-26,367.489990234375,368.8900146484375,366.6000061035156,368.489990234375,367.6123962402344,28438100,18.670000076293945,19.389999389648438,17.530000686645508,17.579999923706055
2021-07-27,368.2200012207031,368.2200012207031,360.1600036621094,364.42999267578125,363.5620422363281,57933100,18.6200008392334,20.440000534057617,18.25,19.360000610351562
2021-07-28,365.6000061035156,367.45001220703125,363.239990234375,365.8299865722656,364.9587097167969,42066200,19.40999984741211,19.6200008392334,17.520000457763672,18.309999465942383
2021-07-29,365.25,367.67999267578125,365.25,366.4800109863281,365.6072082519531,25672500,17.90999984741211,18.010000228881836,17.190000534057617,17.700000762939453
2021-07-30,362.44000244140625,365.1700134277344,362.4100036621094,364.57000732421875,363.70172119140625,36463500,19.690000534057617,19.719999313354492,17.530000686645508,18.239999771118164
2021-08-02,366.2799987792969,366.8800048828125,363.8699951171875,364.6000061035156,363.7316589355469,27334100,18.15999984741211,19.8700008392334,17.989999771118164,19.459999084472656
2021-08-03,365.2799987792969,366.92999267578125,362.0,366.80999755859375,365.9364013671875,35558500,19.170000076293945,20.440000534057617,17.700000762939453,18.040000915527344
2021-08-04,366.7699890136719,368.32000732421875,365.6300048828125,367.3399963378906,366.46514892578125,29602200,18.229999542236328,18.899999618530273,17.670000076293945,17.969999313354492
2021-08-05,368.17999267578125,369.9100036621094,367.45001220703125,369.6700134277344,368.7895812988281,21443900,17.729999542236328,17.84000015258789,17.229999542236328,17.280000686645508
2021-08-06,368.3699951171875,369.3699951171875,366.9100036621094,368.04998779296875,367.1734313964844,33313700,17.459999084472656,17.5,16.139999389648438,16.149999618530273
2021-08-09,368.5199890136719,369.2699890136719,367.3900146484375,368.7300109863281,367.8518371582031,25960200,17.1200008392334,17.389999389648438,16.59000015258789,16.719999313354492
2021-08-10,369.260009765625,369.55999755859375,365.6199951171875,366.8399963378906,365.9663391113281,35130800,16.81999969482422,17.049999237060547,16.34000015258789,16.790000915527344
2021-08-11,368.1400146484375,368.6499938964844,364.8399963378906,366.2099914550781,365.33782958984375,34249800,16.809999465942383,17.09000015258789,16.06999969482422,16.170000076293945
2021-08-12,365.69000244140625,367.8999938964844,364.29998779296875,367.5299987792969,366.6546936035156,25969200,16.329999923706055,16.420000076293945,15.489999771118164,15.59000015258789
2021-08-13,367.8900146484375,369.1600036621094,367.3800048828125,368.82000732421875,367.9416198730469,19318800,15.680000305175781,15.720000267028809,15.1899995803833,15.449999809265137
2021-08-16,367.6700134277344,369.0199890136719,363.70001220703125,368.9800109863281,368.1012268066406,34856900,17.049999237060547,17.709999084472656,16.020000457763672,16.1200008392334
2021-08-17,366.1499938964844,367.1499938964844,363.2300109863281,365.7300109863281,364.8589782714844,44793900,17.309999465942383,19.559999465942383,16.709999084472656,17.90999984741211
2021-08-18,365.17999267578125,366.6199951171875,361.8699951171875,362.2099914550781,361.34735107421875,38541900,17.559999465942383,21.639999389648438,17.309999465942383,21.56999969482422
2021-08-19,360.2200012207031,365.67999267578125,359.9599914550781,363.9599914550781,363.0931701660156,48499400,23.1200008392334,24.739999771118164,20.3700008392334,21.670000076293945
2021-08-20,365.05999755859375,368.1400146484375,364.739990234375,367.7300109863281,366.85418701171875,39462300,22.739999771118164,23.899999618530273,18.18000030517578,18.559999465942383
2021-08-23,368.79998779296875,373.94000244140625,368.7900085449219,373.2300109863281,372.3410949707031,34034700,18.829999923706055,18.950000762939453,16.950000762939453,17.149999618530273
2021-08-24,373.8399963378906,374.989990234375,373.3599853515625,374.3699951171875,373.4783935546875,21732900,16.959999084472656,17.510000228881836,16.940000534057617,17.219999313354492
2021-08-25,374.6300048828125,375.3900146484375,373.8599853515625,374.79998779296875,373.9073486328125,20441900,17.420000076293945,17.5,16.459999084472656,16.790000915527344
2021-08-26,373.9200134277344,374.6199951171875,371.9700012207031,372.4200134277344,371.53302001953125,29133300,17.459999084472656,19.270000457763672,17.15999984741211,18.84000015258789
2021-08-27,373.07000732421875,376.55999755859375,372.57000732421875,376.0400085449219,375.1444091796875,27088600,17.950000762939453,18.219999313354492,16.110000610351562,16.389999389648438
2021-08-30,376.8500061035156,380.760009765625,376.8299865722656,380.260009765625,379.3543701171875,27295700,16.770000457763672,16.799999237060547,15.979999542236328,16.190000534057617
2021-08-31,380.510009765625,380.5799865722656,378.3599853515625,379.95001220703125,379.0451354980469,29628200,15.979999542236328,17.06999969482422,15.90999984741211,16.479999542236328
2021-09-01,381.0400085449219,382.7099914550781,380.3699951171875,380.5799865722656,379.673583984375,28138300,16.059999465942383,16.709999084472656,15.680000305175781,16.110000610351562
2021-09-02,381.9700012207031,382.30999755859375,379.1499938964844,380.3999938964844,379.4940185546875,25453400,16.270000457763672,16.979999542236328,15.729999542236328,16.40999984741211
2021-09-03,379.2200012207031,381.9800109863281,379.20001220703125,381.57000732421875,380.6612548828125,24605400,16.270000457763672,17.059999465942383,16.079999923706055,16.40999984741211
2021-09-07,381.67999267578125,382.7799987792969,380.489990234375,382.1099853515625,381.1999206542969,23970200,16.940000534057617,18.389999389648438,16.889999389648438,18.139999389648438
2021-09-08,381.92999267578125,381.92999267578125,378.45001220703125,380.7799987792969,379.87310791015625,32949200,18.969999313354492,19.639999389648438,17.780000686645508,17.959999084472656
2021-09-09,381.010009765625,382.1499938964844,379.2200012207031,379.4700012207031,378.5662536621094,29399000,19.440000534057617,19.540000915527344,17.170000076293945,18.799999237060547
2021-09-10,381.2300109863281,381.9700012207031,376.25,376.5899963378906,375.6930847167969,40210700,17.940000534057617,21.1299991607666,16.989999771118164,20.950000762939453
2021-09-13,378.989990234375,379.42999267578125,374.2200012207031,376.3299865722656,375.4337158203125,48741800,19.639999389648438,21.18000030517578,18.760000228881836,19.3700008392334
2021-09-14,377.8599853515625,378.6099853515625,374.2799987792969,375.260009765625,374.3663024902344,41826600,19.579999923706055,20.469999313354492,18.389999389648438,19.459999084472656
2021-09-15,375.7300109863281,378.4100036621094,373.3699951171875,378.04998779296875,377.14959716796875,34097900,19.299999237060547,20.270000457763672,18.010000228881836,18.18000030517578
2021-09-16,376.67999267578125,378.8999938964844,374.70001220703125,378.30999755859375,377.40899658203125,35193100,18.40999984741211,19.760000228881836,17.649999618530273,18.690000534057617
2021-09-17,377.82000732421875,377.8699951171875,372.760009765625,373.8299865722656,372.93963623046875,60912300,18.3700008392334,21.510000228881836,18.350000381469727,20.809999465942383
2021-09-20,367.4599914550781,369.25,360.92999267578125,365.70001220703125,365.2335205078125,76203200,24.25,28.790000915527344,23.899999618530273,25.709999084472656
2021-09-21,367.5799865722656,368.80999755859375,364.989990234375,366.1499938964844,365.68292236328125,41927500,23.40999984741211,25.600000381469727,21.709999084472656,24.360000610351562
2021-09-22,367.0899963378906,371.07000732421875,365.9599914550781,369.57000732421875,369.09857177734375,46972900,22.719999313354492,23.399999618530273,20.75,20.8700008392334
2021-09-23,370.760009765625,374.0400085449219,370.1000061035156,372.9800109863281,372.5042419433594,44652000,19.90999984741211,20.209999084472656,18.420000076293945,18.6299991607666
2021-09-24,370.6499938964844,373.760009765625,370.2699890136719,373.3299865722656,372.853759765625,36056800,19.329999923706055,20.40999984741211,17.6299991607666,17.75
2021-09-27,370.20001220703125,371.25,367.7300109863281,370.3500061035156,369.8775939941406,43338100,17.780000686645508,19.31999969482422,17.739999771118164,18.760000228881836
2021-09-28,365.6700134277344,370.29998779296875,359.3500061035156,359.8699951171875,359.41094970703125,97701600,19.739999771118164,24.81999969482422,19.709999084472656,23.25
2021-09-29,361.1700134277344,363.3699951171875,358.6400146484375,359.2799987792969,358.82171630859375,58076600,22.06999969482422,23.790000915527344,21.450000762939453,22.559999465942383
2021-09-30,360.9700012207031,362.67999267578125,357.1000061035156,357.9599914550781,357.5033874511719,61136600,21.479999542236328,24.709999084472656,20.600000381469727,23.139999389648438
2021-10-01,358.6000061035156,361.25,354.3800048828125,360.17999267578125,359.7205505371094,56375500,24.780000686645508,24.889999389648438,20.850000381469727,21.100000381469727
2021-10-04,358.5199890136719,358.8599853515625,350.32000732421875,352.6199951171875,352.1701965332031,76766000,22.899999618530273,24.579999923706055,21.8799991607666,22.959999084472656
2021-10-05,353.7099914550781,359.69000244140625,353.4800109863281,357.3800048828125,356.92413330078125,47232900,22.920000076293945,23.170000076293945,20.6200008392334,21.299999237060547
2021-10-06,354.0799865722656,359.95001220703125,353.1499938964844,359.6700134277344,359.2112121582031,56806500,22.950000762939453,24.399999618530273,20.989999771118164,21.0
2021-10-07,362.79998779296875,365.69000244140625,362.25,362.9700012207031,362.5069885253906,39411200,20.540000915527344,20.760000228881836,19.06999969482422,19.540000915527344
2021-10-08,364.0799865722656,364.32000732421875,360.6099853515625,361.1600036621094,360.6993103027344,41810200,19.459999084472656,19.940000534057617,18.200000762939453,18.770000457763672
2021-10-11,359.5799865722656,363.20001220703125,358.29998779296875,358.3900146484375,357.932861328125,34847200,19.93000030517578,20.450000762939453,18.110000610351562,20.0
2021-10-12,359.8800048828125,360.3299865722656,356.4800109863281,357.1400146484375,356.6844482421875,43905100,20.6200008392334,20.809999465942383,18.969999313354492,19.850000381469727
2021-10-13,359.510009765625,360.69000244140625,357.42999267578125,360.0,359.540771484375,40120800,20.139999389648438,20.229999542236328,18.440000534057617,18.639999389648438
2021-10-14,363.69000244140625,366.8500061035156,363.010009765625,366.6300048828125,366.1623229980469,43433900,18.010000228881836,18.079999923706055,16.799999237060547,16.860000610351562
2021-10-15,367.8800048828125,369.05999755859375,366.82000732421875,368.94000244140625,368.4693908691406,40391000,16.639999389648438,16.850000381469727,15.720000267028809,16.299999237060547
2021-10-18,367.6099853515625,372.8699951171875,366.989990234375,372.6499938964844,372.1746520996094,34513500,17.290000915527344,17.93000030517578,16.270000457763672,16.309999465942383
2021-10-19,373.75,375.5199890136719,372.70001220703125,375.4700012207031,374.9910583496094,29091000,16.09000015258789,16.309999465942383,15.569999694824219,15.699999809265137
2021-10-20,375.94000244140625,376.57000732421875,373.4599914550781,374.9800109863281,374.5016784667969,31390300,15.819999694824219,15.890000343322754,15.289999961853027,15.489999771118164
2021-10-21,374.1600036621094,377.4700012207031,373.8500061035156,377.2699890136719,376.78875732421875,25469300,16.059999465942383,16.110000610351562,14.920000076293945,15.010000228881836
2021-10-22,375.9800109863281,376.9700012207031,372.3900146484375,374.1000061035156,373.622802734375,36275800,15.350000381469727,16.389999389648438,14.84000015258789,15.430000305175781
2021-10-25,375.55999755859375,378.8699951171875,373.55999755859375,377.92999267578125,377.4479064941406,32597800,16.139999389648438,16.329999923706055,15.100000381469727,15.239999771118164
2021-10-26,380.2300109863281,382.7099914550781,377.9100036621094,379.1199951171875,378.6363830566406,47191300,15.020000457763672,16.709999084472656,14.899999618530273,15.979999542236328
2021-10-27,379.5799865722656,383.1499938964844,379.30999755859375,380.0,379.5152587890625,45760500,15.789999961853027,17.290000915527344,15.539999961853027,16.979999542236328
2021-10-28,381.95001220703125,384.4800109863281,381.1600036621094,384.2200012207031,383.7298889160156,38007000,17.059999465942383,17.15999984741211,16.229999542236328,16.530000686645508
2021-10-29,381.05999755859375,386.2799987792969,380.70001220703125,386.1099853515625,385.6174621582031,37225600,17.399999618530273,18.059999465942383,16.1299991607666,16.260000228881836
2021-11-01,386.55999755859375,387.55999755859375,384.4200134277344,387.42999267578125,386.935791015625,30765300,16.850000381469727,17.700000762939453,16.31999969482422,16.40999984741211
2021-11-02,386.79998779296875,389.5400085449219,386.75,389.04998779296875,388.5537109375,25135300,16.540000915527344,16.649999618530273,15.890000343322754,16.030000686645508
2021-11-03,389.54998779296875,393.6099853515625,388.4800109863281,393.17999267578125,392.678466796875,33748900,16.110000610351562,16.389999389648438,14.899999618530273,15.100000381469727
2021-11-04,394.4800109863281,399.20001220703125,393.9200134277344,398.2200012207031,397.7120361328125,40265300,15.0600004196167,16.139999389648438,14.729999542236328,15.4399995803833
2021-11-05,400.0400085449219,400.989990234375,397.1600036621094,398.6000061035156,398.091552734375,43341700,15.59000015258789,17.020000457763672,14.949999809265137,16.479999542236328
2021-11-08,398.57000732421875,399.6199951171875,397.3999938964844,398.05999755859375,397.55224609375,29256300,17.229999542236328,17.690000534057617,16.440000534057617,17.219999313354492
2021-11-09,399.1600036621094,399.57000732421875,393.9200134277344,395.32000732421875,394.81573486328125,50490700,17.43000030517578,18.56999969482422,17.209999084472656,17.780000686645508
2021-11-10,392.4700012207031,395.3599853515625,387.5299987792969,389.510009765625,389.0131530761719,54937400,17.739999771118164,19.899999618530273,17.219999313354492,18.729999542236328
2021-11-11,392.57000732421875,392.75,390.239990234375,390.5899963378906,390.0917663574219,32243000,18.34000015258789,18.389999389648438,17.270000457763672,17.65999984741211
2021-11-12,391.7699890136719,395.25,390.1300048828125,394.70001220703125,394.196533203125,34669800,17.489999771118164,17.690000534057617,16.149999618530273,16.290000915527344
2021-11-15,395.9100036621094,396.239990234375,392.1000061035156,394.6099853515625,394.10662841796875,33716900,17.030000686645508,17.459999084472656,16.489999771118164,16.489999771118164
2021-11-16,393.8599853515625,397.92999267578125,393.6600036621094,397.4200134277344,396.9130554199219,27872900,16.860000610351562,17.079999923706055,16.030000686645508,16.3700008392334
2021-11-17,397.75,399.7200012207031,396.6400146484375,397.6300048828125,397.122802734375,28703300,16.360000610351562,17.190000534057617,16.280000686645508,17.110000610351562
2021-11-18,399.7300109863281,402.2699890136719,397.45001220703125,401.75,401.2375183105469,45721500,16.809999465942383,18.149999618530273,16.3799991607666,17.59000015258789
2021-11-19,403.42999267578125,405.29998779296875,402.5799865722656,403.989990234375,403.47467041015625,45191700,17.360000610351562,19.010000228881836,17.229999542236328,17.90999984741211
2021-11-22,405.57000732421875,408.7099914550781,399.19000244140625,399.29998779296875,398.7906494140625,61715400,18.200000762939453,19.59000015258789,17.350000381469727,19.170000076293945
2021-11-23,398.1099853515625,400.2300109863281,392.9200134277344,397.4800109863281,396.9729919433594,70098700,20.239999771118164,20.90999984741211,19.030000686645508,19.3799991607666
2021-11-24,394.92999267578125,399.04998779296875,392.5400085449219,398.760009765625,398.2513427734375,46954400,19.170000076293945,20.959999084472656,18.520000457763672,18.579999923706055
2021-11-26,396.1099853515625,397.5400085449219,389.7699890136719,391.20001220703125,390.70098876953125,51533300,26.6200008392334,28.989999771118164,23.8799991607666,28.6200008392334
2021-11-29,395.8900146484375,400.7300109863281,395.1400146484375,399.69000244140625,399.1801452636719,54447100,25.309999465942383,25.690000534057617,21.709999084472656,22.959999084472656
2021-11-30,398.7799987792969,401.19000244140625,391.75,393.82000732421875,393.3176574707031,81332700,26.229999542236328,28.559999465942383,23.709999084472656,27.190000534057617
2021-12-01,398.2799987792969,400.4800109863281,386.6400146484375,387.1199951171875,386.6261901855469,77766500,24.920000076293945,32.61000061035156,22.3799991607666,31.1200008392334
2021-12-02,385.79998779296875,391.739990234375,384.3399963378906,389.9100036621094,389.4126281738281,84416600,29.440000534057617,30.68000030517578,27.149999618530273,27.950000762939453
2021-12-03,391.30999755859375,392.3399963378906,378.8999938964844,383.1300048828125,382.64129638671875,105291200,26.950000762939453,35.31999969482422,25.889999389648438,30.670000076293945
2021-12-06,383.6300048828125,387.6000061035156,379.29998779296875,386.20001220703125,385.7073669433594,67588800,28.989999771118164,30.81999969482422,26.75,27.18000030517578
2021-12-07,393.0299987792969,398.4599914550781,392.989990234375,397.8299865722656,397.322509765625,56005300,24.579999923706055,24.690000534057617,21.579999923706055,21.889999389648438
2021-12-08,398.1700134277344,399.82000732421875,396.2200012207031,399.6099853515625,399.1002502441406,39204000,21.739999771118164,23.110000610351562,19.850000381469727,19.899999618530273
2021-12-09,398.3500061035156,400.20001220703125,393.5299987792969,393.7300109863281,393.227783203125,49973700,20.309999465942383,22.1200008392334,19.940000534057617,21.579999923706055
2021-12-10,396.6199951171875,398.2799987792969,393.3599853515625,398.010009765625,397.5023193359375,52513100,21.270000457763672,21.299999237060547,18.690000534057617,18.690000534057617
2021-12-13,398.0,398.3299865722656,391.8800048828125,392.260009765625,391.7596435546875,50166400,19.290000915527344,21.18000030517578,18.959999084472656,20.309999465942383
2021-12-14,387.29998779296875,390.0899963378906,383.6300048828125,388.20001220703125,387.704833984375,75199200,19.670000076293945,23.0,19.670000076293945,21.889999389648438
2021-12-15,387.94000244140625,397.4200134277344,383.8800048828125,397.04998779296875,396.54351806640625,73858000,21.600000381469727,23.469999313354492,19.020000457763672,19.290000915527344
2021-12-16,398.0400085449219,398.4800109863281,385.2099914550781,386.8399963378906,386.3465576171875,82591400,18.559999465942383,22.1299991607666,18.190000534057617,20.56999969482422
2021-12-17,383.3299865722656,389.19000244140625,381.7699890136719,384.9100036621094,384.41900634765625,80492500,20.700000762939453,23.260000228881836,20.489999771118164,21.56999969482422
2021-12-20,379.57000732421875,381.5,377.4700012207031,380.69000244140625,380.69000244140625,65336800,25.889999389648438,27.389999389648438,22.850000381469727,22.8700008392334
2021-12-21,384.04998779296875,389.5299987792969,380.20001220703125,389.2099914550781,389.2099914550781,48899500,22.280000686645508,22.68000030517578,20.899999618530273,21.010000228881836
2021-12-22,388.9100036621094,394.1600036621094,388.2300109863281,393.95001220703125,393.95001220703125,37042200,21.040000915527344,21.360000610351562,18.59000015258789,18.6299991607666
2021-12-23,394.30999755859375,398.42999267578125,394.1400146484375,396.9200134277344,396.9200134277344,29595500,18.809999465942383,18.93000030517578,17.6200008392334,17.959999084472656
2021-12-27,398.25,403.4800109863281,398.2200012207031,403.4800109863281,403.4800109863281,32820700,19.3700008392334,19.40999984741211,17.549999237060547,17.68000030517578
2021-12-28,404.3999938964844,404.5799865722656,400.7099914550781,401.6099853515625,401.6099853515625,33113700,17.780000686645508,18.469999313354492,17.510000228881836,17.540000915527344
2021-12-29,401.75,403.04998779296875,399.1099853515625,401.54998779296875,401.54998779296875,32248500,17.6299991607666,18.0,16.709999084472656,16.950000762939453
2021-12-30,401.3299865722656,403.57000732421875,399.75,400.3500061035156,400.3500061035156,23850100,17.299999237060547,17.790000915527344,16.6200008392334,17.329999923706055
2021-12-31,399.6600036621094,401.05999755859375,397.3399963378906,397.8500061035156,397.8500061035156,34752900,17.6299991607666,18.270000457763672,16.989999771118164,17.219999313354492
2022-01-03,399.04998779296875,401.94000244140625,396.8800048828125,401.67999267578125,401.67999267578125,40575900,17.600000381469727,18.540000915527344,16.559999465942383,16.600000381469727
2022-01-04,402.239990234375,402.2799987792969,393.2900085449219,396.4700012207031,396.4700012207031,58027200,16.56999969482422,17.809999465942383,16.34000015258789,16.90999984741211
2022-01-05,394.739990234375,395.8900146484375,384.0299987792969,384.2900085449219,384.2900085449219,75739800,17.06999969482422,20.170000076293945,16.579999923706055,19.729999542236328
2022-01-06,382.4200134277344,387.3500061035156,380.1300048828125,384.0199890136719,384.0199890136719,70814300,20.290000915527344,21.059999465942383,19.079999923706055,19.610000610351562
2022-01-07,384.0299987792969,385.760009765625,378.0400085449219,379.8599853515625,379.8599853515625,72614000,19.850000381469727,20.799999237060547,18.56999969482422,18.760000228881836
2022-01-10,374.82000732421875,380.6400146484375,369.30999755859375,380.1099853515625,380.1099853515625,91770500,19.579999923706055,23.329999923706055,19.290000915527344,19.399999618530273
2022-01-11,379.3599853515625,385.989990234375,377.2200012207031,385.82000732421875,385.82000732421875,68295700,19.6200008392334,21.0,18.200000762939453,18.40999984741211
2022-01-12,388.4599914550781,390.20001220703125,385.010009765625,387.3500061035156,387.3500061035156,54576400,18.170000076293945,18.690000534057617,17.360000610351562,17.6200008392334
2022-01-13,388.7699890136719,389.4700012207031,376.70001220703125,377.6600036621094,377.6600036621094,77994000,18.059999465942383,20.610000610351562,17.450000762939453,20.309999465942383
2022-01-14,375.07000732421875,380.3500061035156,374.8599853515625,380.010009765625,380.010009765625,80076100,20.110000610351562,22.06999969482422,19.049999237060547,19.190000534057617
2022-01-18,374.0400085449219,376.2200012207031,369.7699890136719,370.54998779296875,370.54998779296875,75450900,21.18000030517578,23.200000762939453,21.18000030517578,22.790000915527344
2022-01-19,372.1499938964844,374.69000244140625,366.2099914550781,366.4800109863281,366.4800109863281,81791500,23.1200008392334,23.989999771118164,21.850000381469727,23.850000381469727
2022-01-20,369.7900085449219,373.8699951171875,361.1700134277344,361.7200012207031,361.7200012207031,88610700,23.459999084472656,25.889999389648438,21.68000030517578,25.59000015258789
2022-01-21,359.4700012207031,362.17999267578125,351.3999938964844,351.69000244140625,351.69000244140625,143388900,25.3799991607666,29.790000915527344,25.309999465942383,28.850000381469727
2022-01-24,345.9100036621094,353.9800109863281,334.1499938964844,353.29998779296875,353.29998779296875,198685800,28.200000762939453,38.939998626708984,28.020000457763672,29.899999618530273
2022-01-25,346.6700134277344,351.0299987792969,341.67999267578125,345.1099853515625,345.1099853515625,124398400,32.290000915527344,35.849998474121094,29.1299991607666,31.15999984741211
2022-01-26,352.9100036621094,356.8800048828125,340.7799987792969,344.57000732421875,344.57000732421875,146559500,29.350000381469727,33.040000915527344,26.899999618530273,31.959999084472656
2022-01-27,349.3999938964844,351.2699890136719,340.04998779296875,341.1000061035156,341.1000061035156,95255700,32.189998626708984,33.0,28.420000076293945,30.489999771118164
2022-01-28,343.0299987792969,352.0199890136719,337.95001220703125,351.79998779296875,351.79998779296875,108167900,30.270000457763672,32.81999969482422,27.280000686645508,27.65999984741211
2022-01-31,353.20001220703125,363.6499938964844,351.5199890136719,363.04998779296875,363.04998779296875,94326400,28.360000610351562,29.40999984741211,24.709999084472656,24.829999923706055
2022-02-01,364.42999267578125,366.19000244140625,359.1400146484375,365.5199890136719,365.5199890136719,74433000,24.56999969482422,25.329999923706055,21.959999084472656,21.959999084472656
2022-02-02,369.760009765625,370.1000061035156,364.2900085449219,368.489990234375,368.489990234375,78777100,21.559999465942383,22.729999542236328,20.459999084472656,22.09000015258789
2022-02-03,358.5299987792969,361.92999267578125,352.4599914550781,353.54998779296875,353.54998779296875,95384800,22.6299991607666,25.809999465942383,22.299999237060547,24.350000381469727
2022-02-04,354.0799865722656,361.3999938964844,351.9700012207031,358.010009765625,358.010009765625,86127500,23.770000457763672,26.260000228881836,22.06999969482422,23.219999313354492
2022-02-07,358.6199951171875,361.04998779296875,353.8399963378906,355.1300048828125,355.1300048828125,58198100,24.09000015258789,24.81999969482422,22.020000457763672,22.860000610351562
2022-02-08,353.9599914550781,360.239990234375,352.79998779296875,359.1199951171875,359.1199951171875,64720900,23.09000015258789,23.479999542236328,21.31999969482422,21.440000534057617
2022-02-09,363.760009765625,366.80999755859375,362.1199951171875,366.7300109863281,366.7300109863281,55766400,21.270000457763672,21.299999237060547,19.93000030517578,19.959999084472656
2022-02-10,359.5199890136719,366.489990234375,356.5400085449219,358.42999267578125,358.42999267578125,112468500,20.3700008392334,24.770000457763672,20.18000030517578,23.90999984741211
2022-02-11,358.42999267578125,360.07000732421875,345.79998779296875,347.05999755859375,347.05999755859375,101479000,24.389999389648438,30.989999771118164,23.329999923706055,27.360000610351562
